Only reserve details after 2024/09/25 are displayed,Unnamed: 1,Unnamed: 2,Unnamed: 3,Unnamed: 4,Unnamed: 5,Unnamed: 6,Unnamed: 7,Unnamed: 8,Unnamed: 9
Statement date,Statement ID,Reserve transaction ID,Reserve amount,Status,Associated order ID,Reserve collection time,Expected release time,Payout ID,Payout completion date
2025/06/28,7520421770201990926,3461512825637212273,2.8,released,576986369858507195,2025/06/03,released,3462259708378976369,2025/06/30
2025/06/27,7520295803202619191,3462122208032886897,-3.5,collected,577013257037647904,2025/06/26,2025/07/22,3462232216407871601,2025/06/27
2025/06/26,7519979219200476942,3462107220142624881,-2.8,collected,577009010057056413,2025/06/25,2025/07/21,3462208151746809969,2025/06/26
2025/06/26,7519979219200476942,3462107189336313969,-1.4,collected,577011819585180034,2025/06/25,2025/07/21,3462208151746809969,2025/06/26
2025/06/26,7519979219200476942,3462104613445603441,-3.55,collected,577010902470464275,2025/06/25,2025/07/21,3462208151746809969,2025/06/26
2025/06/25,7519442936396973879,3462075302762287217,-1.4,collected,577011168040357965,2025/06/24,2025/07/20,3462184350216458353,2025/06/25
2025/06/25,7519442936396973879,3462074877983101041,-1.4,collected,577010591526981800,2025/06/24,2025/07/20,3462184350216458353,2025/06/25
2025/06/25,7519442936396973879,3462074665311441009,-1.4,collected,577010105273389802,2025/06/24,2025/07/20,3462184350216458353,2025/06/25
2025/06/25,7519442936396973879,3461464481621381233,7.9,released,576987192241722309,2025/06/01,released,3462184350216458353,2025/06/25
2025/06/25,7519442936396973879,3462073038941556849,-4,collected,577010392824451748,2025/06/24,2025/07/20,3462184350216458353,2025/06/25
2025/06/25,7519442936396973879,3462071281157247089,-1.4,collected,577008575546298672,2025/06/24,2025/07/20,3462184350216458353,2025/06/25
2025/06/25,7519442936396973879,3462067960722854001,-1.4,collected,577010279313281070,2025/06/24,2025/07/20,3462184350216458353,2025/06/25
2025/06/24,7519153859341240119,3462053550792020081,-1.4,collected,577010016048026521,2025/06/23,2025/07/19,3462160162379567217,2025/06/24
2025/06/24,7519153859341240119,3461447282370121841,2.8,released,576981655203844776,2025/05/31,released,3462160162379567217,2025/06/24
2025/06/24,7519153859341240119,3462052133898129521,-3.95,collected,577010155712975545,2025/06/23,2025/07/19,3462160162379567217,2025/06/24
2025/06/24,7519153859341240119,3462048769619038321,-1.4,collected,577010404699574460,2025/06/23,2025/07/19,3462160162379567217,2025/06/24
2025/06/24,7519153859341240119,3462047371129294961,-3.95,collected,577010360946364608,2025/06/23,2025/07/19,3462160162379567217,2025/06/24
2025/06/24,7519153859341240119,3462045396525944945,-1.4,collected,577010659277247100,2025/06/23,2025/07/19,3462160162379567217,2025/06/24
2025/06/24,7519153859341240119,3462044446313255025,-1.4,collected,577010129746038946,2025/06/23,2025/07/19,3462160162379567217,2025/06/24
2025/06/24,7519153859341240119,3462044333837488241,-1.4,collected,577010343212847613,2025/06/23,2025/07/19,3462160162379567217,2025/06/24
2025/06/23,7518585199266367245,3462029306023022705,-1.4,collected,577004277589119194,2025/06/22,2025/07/18,3462133296727560305,2025/06/23
2025/06/23,7518585199266367245,3461423557141106801,5.6,released,576985236850905591,2025/05/30,released,3462133296727560305,2025/06/23
2025/06/23,7518585199266367245,3461423244177674353,2.8,released,576984322909507745,2025/05/30,released,3462133296727560305,2025/06/23
2025/06/23,7518585199266367245,3461419899584483441,2.8,released,576982037510000738,2025/05/30,released,3462133296727560305,2025/06/23
2025/06/23,7518585199266367245,3462025691366264945,-1.4,collected,577008912113570060,2025/06/22,2025/07/18,3462133296727560305,2025/06/23
2025/06/23,7518585199266367245,3462025684838355057,-3.95,collected,577008302386810891,2025/06/22,2025/07/18,3462133296727560305,2025/06/23
2025/06/23,7518585199266367245,3462025495875850353,-2.8,collected,577009617271820837,2025/06/22,2025/07/18,3462133296727560305,2025/06/23
2025/06/23,7518585199266367245,3462023377502048369,-2.8,collected,577010218494431896,2025/06/22,2025/07/18,3462133296727560305,2025/06/23
2025/06/23,7518585199266367245,3462022603448488049,-1.4,collected,577010021137421047,2025/06/22,2025/07/18,3462133296727560305,2025/06/23
2025/06/23,7518585199266367245,3462021149635612785,-1.4,collected,577009993797701880,2025/06/22,2025/07/18,3462133296727560305,2025/06/23
2025/06/23,7518585199266367245,3462019940193702001,-1.12,collected,577010742701166737,2025/06/22,2025/07/18,3462133296727560305,2025/06/23
2025/06/23,7518585199266367245,3461414524391100529,2.8,released,576984933433709145,2025/05/30,released,3462133296727560305,2025/06/23
2025/06/23,7518585199266367245,3461404788956893297,3.04,released,576984207870300868,2025/05/29,released,3462133296727560305,2025/06/23
2025/06/22,7518461524600456973,3462006260298584177,-1.4,collected,577000859916866329,2025/06/21,2025/07/17,3462116906472411249,2025/06/23
2025/06/22,7518461524600456973,3461401316621062257,2,released,576984243337859600,2025/05/29,released,3462116906472411249,2025/06/23
2025/06/22,7518461524600456973,3462005157310926961,-1.4,collected,577004888137437461,2025/06/21,2025/07/17,3462116906472411249,2025/06/23
2025/06/22,7518461524600456973,3461400000877465713,2.8,released,576983259987546625,2025/05/29,released,3462116906472411249,2025/06/23
2025/06/22,7518461524600456973,3462003075193606257,-2.8,collected,577004840223937034,2025/06/21,2025/07/17,3462116906472411249,2025/06/23
2025/06/22,7518461524600456973,3461397676753522801,5.6,released,576985024419631957,2025/05/29,released,3462116906472411249,2025/06/23
2025/06/22,7518461524600456973,3461396451027685489,5.6,released,576983090840113532,2025/05/29,released,3462116906472411249,2025/06/23
2025/06/21,7518091219449366286,3461381975025487985,2.8,released,576981512139411876,2025/05/28,released,3462085793987006577,2025/06/23
2025/06/21,7518091219449366286,3461982196062130289,-1.4,collected,577004046769426757,2025/06/20,2025/07/16,3462085793987006577,2025/06/23
2025/06/21,7518091219449366286,3461379900069023857,2,released,576980990803350166,2025/05/28,released,3462085793987006577,2025/06/23
2025/06/21,7518091219449366286,3461378438286970993,2.8,released,576983581185183970,2025/05/28,released,3462085793987006577,2025/06/23
2025/06/21,7518091219449366286,3461378460037845105,2.8,released,576983556294218192,2025/05/28,released,3462085793987006577,2025/06/23
2025/06/21,7518091219449366286,3461377076032606321,2,released,576982096753627240,2025/05/28,released,3462085793987006577,2025/06/23
2025/06/21,7518091219449366286,3461975856107130993,-1.4,collected,577004780885479592,2025/06/20,2025/07/16,3462085793987006577,2025/06/23
2025/06/21,7518091219449366286,3461975744487264369,-1.41,collected,577003657115177679,2025/06/20,2025/07/16,3462085793987006577,2025/06/23
2025/06/21,7518091219449366286,3461974413928140913,-1.4,collected,577001965812813975,2025/06/20,2025/07/16,3462085793987006577,2025/06/23
2025/06/21,7518091219449366286,3461374927899234417,7.9,released,576981326894896069,2025/05/28,released,3462085793987006577,2025/06/23
2025/06/20,7517743856323020599,3461361989443752049,2.8,released,576960562418847804,2025/05/27,released,3462059128226091121,2025/06/20
2025/06/20,7517743856323020599,3461358939670810737,2.8,released,576980496861008876,2025/05/27,released,3462059128226091121,2025/06/20
2025/06/20,7517743856323020599,3461358194012295281,7.9,released,576979387198050992,2025/05/27,released,3462059128226091121,2025/06/20
2025/06/19,7517077099476469518,3461932179301699697,-1.4,collected,577001324385898863,2025/06/18,2025/07/14,3462036896478302321,2025/06/19
2025/06/19,7517077099476469518,3461930770337730673,-1.4,collected,577004236110664654,2025/06/18,2025/07/14,3462036896478302321,2025/06/19
2025/06/19,7517077099476469518,3461339366888476785,5.6,released,576980526013124867,2025/05/26,released,3462036896478302321,2025/06/19
2025/06/19,7517077099476469518,3461929653801554033,-1.4,collected,577003581720072819,2025/06/18,2025/07/14,3462036896478302321,2025/06/19
2025/06/19,7517077099476469518,3461928295713443953,-1.4,collected,577003897486348894,2025/06/18,2025/07/14,3462036896478302321,2025/06/19
2025/06/19,7517077099476469518,3461926901608648817,-1.41,collected,577004807790825572,2025/06/18,2025/07/14,3462036896478302321,2025/06/19
2025/06/19,7517077099476469518,3461924757430374513,-1.4,collected,577004356813099280,2025/06/18,2025/07/14,3462036896478302321,2025/06/19
2025/06/19,7517077099476469518,3461924664789864561,-1.4,collected,577001637398287155,2025/06/18,2025/07/14,3462036896478302321,2025/06/19
2025/06/19,7517077099476469518,3461906569066942577,-1.4,collected,577005299346280550,2025/06/17,2025/07/14,3462036896478302321,2025/06/19
2025/06/18,7516924335005665079,3461901790451110001,-1.4,collected,576999254948090783,2025/06/17,2025/07/13,3462011894388002929,2025/06/18
2025/06/18,7516924335005665079,3461901626039439473,-2.8,collected,577003141251698856,2025/06/17,2025/07/13,3462011894388002929,2025/06/18
2025/06/18,7516924335005665079,3461900308791660657,-2.8,collected,577002664553058572,2025/06/17,2025/07/13,3462011894388002929,2025/06/18
2025/06/18,7516924335005665079,3461898404998058097,-1.4,collected,577001426683859185,2025/06/17,2025/07/13,3462011894388002929,2025/06/18
2025/06/18,7516924335005665079,3461897939797446769,-1.41,collected,577000856726442703,2025/06/17,2025/07/13,3462011894388002929,2025/06/18
2025/06/18,7516924335005665079,3461895099766378609,-1.4,collected,577002604687889014,2025/06/17,2025/07/13,3462011894388002929,2025/06/18
2025/06/18,7516924335005665079,3461894834769072241,-5.35,collected,577002585707155788,2025/06/17,2025/07/13,3462011894388002929,2025/06/18
2025/06/18,7516924335005665079,3461894659235876977,-2.8,collected,577004191689118239,2025/06/17,2025/07/13,3462011894388002929,2025/06/18
2025/06/18,7516924335005665079,3461892984613146737,-1.4,collected,577004564429508640,2025/06/17,2025/07/13,3462011894388002929,2025/06/18
2025/06/18,7516924335005665079,3461891696785920113,-1.4,collected,577004652159799895,2025/06/17,2025/07/13,3462011894388002929,2025/06/18
2025/06/17,7516553129643640590,3461873759836541041,-1.4,collected,577000563587322743,2025/06/16,2025/07/12,3461991331838922865,2025/06/17
2025/06/17,7516553129643640590,3461873167971160177,-1.4,collected,576999012824486246,2025/06/16,2025/07/12,3461991331838922865,2025/06/17
2025/06/17,7516553129643640590,3461873009440821361,-1.4,collected,576999001802051942,2025/06/16,2025/07/12,3461991331838922865,2025/06/17
2025/06/17,7516553129643640590,3461872537787011185,-1.4,collected,577003017313555399,2025/06/16,2025/07/12,3461991331838922865,2025/06/17
2025/06/17,7516553129643640590,3461872491115810929,-1.4,collected,577001554366993146,2025/06/16,2025/07/12,3461991331838922865,2025/06/17
2025/06/17,7516553129643640590,3461278805637894257,3.8,released,576955727096877784,2025/05/24,released,3461991331838922865,2025/06/17
2025/06/17,7516553129643640590,3461870757059334257,-1.4,collected,577001700168470862,2025/06/16,2025/07/12,3461991331838922865,2025/06/17
2025/06/17,7516553129643640590,3461869629725118577,-1.4,collected,577001901828640882,2025/06/16,2025/07/12,3461991331838922865,2025/06/17
2025/06/17,7516553129643640590,3461869180681949297,-2.8,collected,577003797954727945,2025/06/16,2025/07/12,3461991331838922865,2025/06/17
2025/06/17,7516553129643640590,3461868965953179761,-1.4,collected,576999101266760254,2025/06/16,2025/07/12,3461991331838922865,2025/06/17
2025/06/17,7516553129643640590,3461272856285122673,5.6,released,576979829790970371,2025/05/24,released,3461991331838922865,2025/06/17
2025/06/17,7516553129643640590,3461272509775908977,2,released,576979083711648011,2025/05/24,released,3461991331838922865,2025/06/17
2025/06/17,7516553129643640590,3461866593522978929,-2.81,collected,576998071126496228,2025/06/16,2025/07/12,3461991331838922865,2025/06/17
2025/06/17,7516553129643640590,3461865475487666289,-2.8,collected,577004440916299788,2025/06/16,2025/07/12,3461991331838922865,2025/06/17
2025/06/17,7516553129643640590,3461865190278467697,-1.4,collected,577003079300387341,2025/06/16,2025/07/12,3461991331838922865,2025/06/17
2025/06/17,7516553129643640590,3461865244920746097,-1.4,collected,577003275959767180,2025/06/16,2025/07/12,3461991331838922865,2025/06/17
2025/06/17,7516553129643640590,3461863688672874609,-1.4,collected,577002739263049976,2025/06/16,2025/07/12,3461991331838922865,2025/06/17
2025/06/17,7516553129643640590,3461862344304005233,-1.4,collected,577002669544214985,2025/06/16,2025/07/12,3461991331838922865,2025/06/17
2025/06/16,7516223573854439214,3461244093198667889,2.8,released,576979859598119386,2025/05/23,released,3461957280264261745,2025/06/16
2025/06/16,7516223573854439214,3461840188744896625,-4.2,collected,576999907007959432,2025/06/15,2025/07/11,3461957280264261745,2025/06/16
2025/06/16,7516223573854439214,3461838227093164145,-5.6,collected,577001763721613827,2025/06/15,2025/07/11,3461957280264261745,2025/06/16
2025/06/16,7516223573854439214,3461835539375034481,-1.4,collected,577003655502074876,2025/06/15,2025/07/11,3461957280264261745,2025/06/16
2025/06/15,7515826626807056171,3461199638876295281,2.83,released,576976441101292005,2025/05/22,released,3461937647098892401,2025/06/16
2025/06/15,7515826626807056171,3461198613360578673,2,released,576977964834656283,2025/05/22,released,3461937647098892401,2025/06/16
2025/06/15,7515826626807056171,3461813909590610033,-1.4,collected,576999015257444523,2025/06/14,2025/07/10,3461937647098892401,2025/06/16
2025/06/15,7515826626807056171,3461195103967481969,3.8,released,576978404976070850,2025/05/22,released,3461937647098892401,2025/06/16
2025/06/15,7515826626807056171,3461194239773347953,2.8,released,576978241760826238,2025/05/22,released,3461937647098892401,2025/06/16
2025/06/14,7515452372701923118,3461186059745398897,11.2,released,576975750698865079,2025/05/21,released,3461909945944084593,2025/06/16
2025/06/14,7515452372701923118,3461799616807932017,-2.8,collected,576996425250673464,2025/06/13,2025/07/09,3461909945944084593,2025/06/16
2025/06/14,7515452372701923118,3461185307582566513,2.8,released,576976618494267720,2025/05/21,released,3461909945944084593,2025/06/16
2025/06/14,7515452372701923118,3461798772912525425,-4.21,collected,576999895495905711,2025/06/13,2025/07/09,3461909945944084593,2025/06/16
2025/06/14,7515452372701923118,3461797809998499953,-1.4,collected,576999015475941580,2025/06/13,2025/07/09,3461909945944084593,2025/06/16
2025/06/14,7515452372701923118,3461796486148165745,-1.4,collected,576999159642493782,2025/06/13,2025/07/09,3461909945944084593,2025/06/16
2025/06/14,7515452372701923118,3461183668477988977,5.6,released,576977901785616790,2025/05/21,released,3461909945944084593,2025/06/16
2025/06/14,7515452372701923118,3461183374392594545,5.6,released,576976630583890787,2025/05/21,released,3461909945944084593,2025/06/16
2025/06/14,7515452372701923118,3461794349226823793,-1.4,collected,577000489299644883,2025/06/13,2025/07/09,3461909945944084593,2025/06/16
2025/06/14,7515452372701923118,3461181341605728369,2.8,released,576975398113677468,2025/05/21,released,3461909945944084593,2025/06/16
2025/06/14,7515452372701923118,3461789930776465521,-1.4,collected,576999103629594760,2025/06/13,2025/07/09,3461909945944084593,2025/06/16
2025/06/14,7515452372701923118,3461789655568978033,-1.4,collected,577001372398686828,2025/06/13,2025/07/09,3461909945944084593,2025/06/16
2025/06/14,7515452372701923118,3461788095951310961,-1.4,collected,577000431160496567,2025/06/13,2025/07/09,3461909945944084593,2025/06/16
2025/06/13,7515062155465459502,3461172815798112369,2,released,576972869998580503,2025/05/20,released,3461879211242655857,2025/06/13
2025/06/13,7515062155465459502,3461775494566744177,-1.4,collected,576994595469824073,2025/06/12,2025/07/08,3461879211242655857,2025/06/13
2025/06/13,7515062155465459502,3461169972111511665,8.4,released,576976366518636928,2025/05/20,released,3461879211242655857,2025/06/13
2025/06/13,7515062155465459502,3461169013423902833,2.03,released,576975786374172944,2025/05/20,released,3461879211242655857,2025/06/13
2025/06/13,7515062155465459502,3461771390920331377,-1.4,collected,577000527321076502,2025/06/12,2025/07/08,3461879211242655857,2025/06/13
2025/06/13,7515062155465459502,3461770146524860529,-1.4,collected,577000690306880332,2025/06/12,2025/07/08,3461879211242655857,2025/06/13
2025/06/12,7514703975384401707,3461757101380112497,-1.4,collected,576996435161944375,2025/06/11,2025/07/07,3461857286204002417,2025/06/12
2025/06/12,7514703975384401707,3461755688238157937,-1.4,collected,576995083224453662,2025/06/11,2025/07/07,3461857286204002417,2025/06/12
2025/06/12,7514703975384401707,3461755290306121841,-1.4,collected,576999321546035555,2025/06/11,2025/07/07,3461857286204002417,2025/06/12
2025/06/12,7514703975384401707,3461157035843031153,5.6,released,576972425866286002,2025/05/19,released,3461857286204002417,2025/06/12
2025/06/12,7514703975384401707,3461752766439854193,-1.4,collected,576996359034343523,2025/06/11,2025/07/07,3461857286204002417,2025/06/12
2025/06/12,7514703975384401707,3461751974949458033,-1.4,collected,576999154545955018,2025/06/11,2025/07/07,3461857286204002417,2025/06/12
2025/06/12,7514703975384401707,3461750495433625713,-1.4,collected,576999428936208731,2025/06/11,2025/07/07,3461857286204002417,2025/06/12
2025/06/12,7514703975384401707,3461154478549078129,2.52,released,576975327788503268,2025/05/19,released,3461857286204002417,2025/06/12
2025/06/12,7514703975384401707,3461749392017952881,-5.35,collected,576999177771061494,2025/06/11,2025/07/07,3461857286204002417,2025/06/12
2025/06/12,7514703975384401707,3461748865071353969,-1.4,collected,576999130444304823,2025/06/11,2025/07/07,3461857286204002417,2025/06/12
2025/06/12,7514703975384401707,3461748852313657457,-1.4,collected,576999017931117241,2025/06/11,2025/07/07,3461857286204002417,2025/06/12
2025/06/11,7514363470159202094,3461732761110810737,-4.2,collected,576996025730437873,2025/06/10,2025/07/06,3461825501252456561,2025/06/11
2025/06/11,7514363470159202094,3461729941727383665,-1.4,collected,576994646624997436,2025/06/10,2025/07/06,3461825501252456561,2025/06/11
2025/06/11,7514363470159202094,3461728289922191473,-1.4,collected,576998043616777172,2025/06/10,2025/07/06,3461825501252456561,2025/06/11
2025/06/10,7513991287314679598,3461712328561430641,-1.4,collected,576997602725303112,2025/06/09,2025/07/05,3461803767131574385,2025/06/10
2025/06/10,7513991287314679598,3461711099433095281,-1.4,collected,576996102287233903,2025/06/09,2025/07/05,3461803767131574385,2025/06/10
2025/06/10,7513991287314679598,3461707809125339249,-3.95,collected,576993424777777486,2025/06/09,2025/07/05,3461803767131574385,2025/06/10
2025/06/10,7513991287314679598,3461705523744378993,-2.8,collected,576997065929887896,2025/06/09,2025/07/05,3461803767131574385,2025/06/10
2025/06/10,7513991287314679598,3461705519790329969,-1.4,collected,576996373945487496,2025/06/09,2025/07/05,3461803767131574385,2025/06/10
2025/06/09,7513629137970775850,3461123796442779761,2,released,576974207197351971,2025/05/16,released,3461780819311104113,2025/06/09
2025/06/09,7513629137970775850,3461687265159778417,-1.52,collected,576991060357910880,2025/06/08,2025/07/04,3461780819311104113,2025/06/09
2025/06/09,7513629137970775850,3461120907162783857,3.8,released,576972393501135058,2025/05/16,released,3461780819311104113,2025/06/09
2025/06/09,7513629137970775850,3461120647762448497,1.6,released,576974501390029447,2025/05/16,released,3461780819311104113,2025/06/09
2025/06/09,7513629137970775850,3461618572682956913,-1.44,collected,576993803112976913,2025/06/08,2025/07/01,3461780819311104113,2025/06/09
2025/06/09,7513629137970775850,3461119098572738673,3.8,released,576970913350455821,2025/05/16,released,3461780819311104113,2025/06/09
2025/06/09,7513629137970775850,3461618110584623217,-2.8,collected,576991834488017478,2025/06/08,2025/07/01,3461780819311104113,2025/06/09
2025/06/08,7513252428251629358,3461605071756562545,-2.46,collected,576989950649602596,2025/06/07,2025/06/30,3461763748528033905,2025/06/10
2025/06/08,7513252428251629358,3461109275372654705,2,released,576973341224505821,2025/05/15,released,3461763748528033905,2025/06/10
2025/06/08,7513252428251629358,3461107591831720049,2,released,576973128721338843,2025/05/15,released,3461763748528033905,2025/06/10
2025/06/08,7513252428251629358,3461663493492543601,-2.46,collected,576989530401771600,2025/06/07,2025/07/03,3461763748528033905,2025/06/10
2025/06/08,7513252428251629358,3461663458995376241,-1.4,collected,576993989550444985,2025/06/07,2025/07/03,3461763748528033905,2025/06/10
2025/06/08,7513252428251629358,3461105987044085873,2,released,576971715636335352,2025/05/15,released,3461763748528033905,2025/06/10
2025/06/08,7513252428251629358,3461105666564460657,3.8,released,576973100385472664,2025/05/15,released,3461763748528033905,2025/06/10
2025/06/08,7513252428251629358,3461596767245471857,-11.2,collected,576993128196641788,2025/06/07,2025/06/30,3461763748528033905,2025/06/10
2025/06/07,7512829198130661162,3461094571531276401,2,released,576971153783886271,2025/05/14,released,3461745239394127985,2025/06/09
2025/06/07,7512829198130661162,3461577500438663281,-3.04,collected,576988203682271849,2025/06/06,2025/06/29,3461745239394127985,2025/06/09
2025/06/07,7512829198130661162,3461091489971212401,2,released,576970376769671281,2025/05/14,released,3461745239394127985,2025/06/09
2025/06/07,7512829198130661162,3461571973552312433,-3.8,collected,576989975522022240,2025/06/06,2025/06/29,3461745239394127985,2025/06/09
2025/06/07,7512829198130661162,3461571419326943345,-3.8,collected,576991015020105750,2025/06/06,2025/06/29,3461745239394127985,2025/06/09
2025/06/07,7512829198130661162,3461570901629112433,-7.9,collected,576992035443348475,2025/06/06,2025/06/29,3461745239394127985,2025/06/09
2025/06/07,7512829198130661162,3461569509547610225,-6.95,collected,576990850150142666,2025/06/06,2025/06/29,3461745239394127985,2025/06/09
2025/06/06,7512523123426789162,3461620611380514929,-2.8,collected,576994070930363149,2025/06/05,2025/07/01,3461717910739193969,2025/06/06
2025/06/06,7512523123426789162,3461081599260725361,5.6,released,576969809468166617,2025/05/13,released,3461717910739193969,2025/06/06
2025/06/06,7512523123426789162,3461081397530497137,3.8,released,576969111982609179,2025/05/13,released,3461717910739193969,2025/06/06
2025/06/05,7511878814675257130,3461512825637212273,-2.8,collected,576986369858507195,2025/06/03,2025/06/27,3461695831244443761,2025/06/05
2025/06/03,7511164100652435242,3461051097607409777,2.8,released,576967385673601612,2025/05/10,released,3461649473832587377,2025/06/03
2025/06/03,7511164100652435242,3461044074078048369,8.4,released,576965694225223893,2025/05/09,released,3461649473832587377,2025/06/03
2025/06/02,7511053410688157482,3461039823046479985,3.8,released,576966451478958737,2025/05/09,released,3461626821746135153,2025/06/02
2025/06/02,7511053410688157482,3461464481621381233,-7.9,collected,576987192241722309,2025/06/01,2025/06/24,3461626821746135153,2025/06/02
2025/06/01,7510682630091245358,3461447282370121841,-2.8,collected,576981655203844776,2025/05/31,2025/06/23,3461608957912911985,2025/06/02
2025/06/01,7510682630091245358,3461028310890483825,8,released,576964083760664819,2025/05/08,released,3461608957912911985,2025/06/02
2025/05/31,7510038990133856046,3461423557141106801,-5.6,collected,576985236850905591,2025/05/30,2025/06/22,3461586460771913841,2025/06/02
2025/05/31,7510038990133856046,3461423244177674353,-2.8,collected,576984322909507745,2025/05/30,2025/06/22,3461586460771913841,2025/06/02
2025/05/31,7510038990133856046,3461016576913739889,8.4,released,576964113353248946,2025/05/07,released,3461586460771913841,2025/06/02
2025/05/31,7510038990133856046,3461419899584483441,-2.8,collected,576982037510000738,2025/05/30,2025/06/22,3461586460771913841,2025/06/02
2025/05/31,7510038990133856046,3461414524391100529,-2.8,collected,576984933433709145,2025/05/30,2025/06/22,3461586460771913841,2025/06/02
2025/05/31,7510038990133856046,3461404788956893297,-3.04,collected,576984207870300868,2025/05/29,2025/06/22,3461586460771913841,2025/06/02
2025/05/30,7509914287998420778,3461401316621062257,-2,collected,576984243337859600,2025/05/29,2025/06/21,3461562719250518129,2025/05/30
2025/05/30,7509914287998420778,3461400000877465713,-2.8,collected,576983259987546625,2025/05/29,2025/06/21,3461562719250518129,2025/05/30
2025/05/30,7509914287998420778,3461397676753522801,-5.6,collected,576985024419631957,2025/05/29,2025/06/21,3461562719250518129,2025/05/30
2025/05/30,7509914287998420778,3461396451027685489,-5.6,collected,576983090840113532,2025/05/29,2025/06/21,3461562719250518129,2025/05/30
2025/05/29,7509544164711745322,3461381975025487985,-2.8,collected,576981512139411876,2025/05/28,2025/06/20,3461538655585669233,2025/05/29
2025/05/29,7509544164711745322,3461379900069023857,-2,collected,576980990803350166,2025/05/28,2025/06/20,3461538655585669233,2025/05/29
2025/05/29,7509544164711745322,3461378438286970993,-2.8,collected,576983581185183970,2025/05/28,2025/06/20,3461538655585669233,2025/05/29
2025/05/29,7509544164711745322,3461378460037845105,-2.8,collected,576983556294218192,2025/05/28,2025/06/20,3461538655585669233,2025/05/29
2025/05/29,7509544164711745322,3461377076032606321,-2,collected,576982096753627240,2025/05/28,2025/06/20,3461538655585669233,2025/05/29
2025/05/29,7509544164711745322,3461374927899234417,-7.9,collected,576981326894896069,2025/05/28,2025/06/20,3461538655585669233,2025/05/29
2025/05/28,7509187928854906666,3461361989443752049,-2.8,collected,576960562418847804,2025/05/27,2025/06/19,3461515251626381425,2025/05/28
2025/05/28,7509187928854906666,3461358939670810737,-2.8,collected,576980496861008876,2025/05/27,2025/06/19,3461515251626381425,2025/05/28
2025/05/28,7509187928854906666,3461358194012295281,-7.9,collected,576979387198050992,2025/05/27,2025/06/19,3461515251626381425,2025/05/28
2025/05/28,7509187928854906666,3460978920812351601,2.8,released,576964140456907629,2025/05/04,released,3461515251626381425,2025/05/28
2025/05/27,7508792386668103467,3460970944780210289,1.44,released,576962583996830376,2025/05/03,released,3461491674161123441,2025/05/27
2025/05/27,7508792386668103467,3461339366888476785,-5.6,collected,576980526013124867,2025/05/26,2025/06/18,3461491674161123441,2025/05/27
2025/05/27,7508792386668103467,3460966967216214129,2.8,released,576962643949425429,2025/05/03,released,3461491674161123441,2025/05/27
2025/05/26,7508425298745050926,3460957916100464753,2.8,released,576958774299234345,2025/05/02,released,3461471252056084593,2025/05/26
2025/05/26,7508425298745050926,3460955475752358001,8.4,released,576955526938661869,2025/05/02,released,3461471252056084593,2025/05/26
2025/05/25,7508053860217538346,3461278805637894257,-3.8,collected,576955727096877784,2025/05/24,2025/06/16,3461454221034688625,2025/05/26
2025/05/25,7508053860217538346,3461272856285122673,-5.6,collected,576979829790970371,2025/05/24,2025/06/16,3461454221034688625,2025/05/26
2025/05/25,7508053860217538346,3461272509775908977,-2,collected,576979083711648011,2025/05/24,2025/06/16,3461454221034688625,2025/05/26
2025/05/25,7508053860217538346,3460943471101055089,8.4,released,576960660143378885,2025/05/01,released,3461454221034688625,2025/05/26
2025/05/24,7507711150088980270,3461244093198667889,-2.8,collected,576979859598119386,2025/05/23,2025/06/15,3461431927422685297,2025/05/26
2025/05/24,7507711150088980270,3460932805109452913,2,released,576956886096187420,2025/04/30,released,3461431927422685297,2025/05/26
2025/05/23,7507276716352636718,3460922765699682417,5.6,released,576955462211965262,2025/04/29,released,3461407635943559281,2025/05/23
2025/05/23,7507276716352636718,3461199638876295281,-2.83,collected,576976441101292005,2025/05/22,2025/06/14,3461407635943559281,2025/05/23
2025/05/23,7507276716352636718,3461198613360578673,-2,collected,576977964834656283,2025/05/22,2025/06/14,3461407635943559281,2025/05/23
2025/05/23,7507276716352636718,3461195103967481969,-3.8,collected,576978404976070850,2025/05/22,2025/06/14,3461407635943559281,2025/05/23
2025/05/23,7507276716352636718,3461194239773347953,-2.8,collected,576978241760826238,2025/05/22,2025/06/14,3461407635943559281,2025/05/23
2025/05/22,7506944503660578603,3461186059745398897,-11.2,collected,576975750698865079,2025/05/21,2025/06/13,3461385595427262577,2025/05/22
2025/05/22,7506944503660578603,3461185307582566513,-2.8,collected,576976618494267720,2025/05/21,2025/06/13,3461385595427262577,2025/05/22
2025/05/22,7506944503660578603,3461183668477988977,-5.6,collected,576977901785616790,2025/05/21,2025/06/13,3461385595427262577,2025/05/22
2025/05/22,7506944503660578603,3461183374392594545,-5.6,collected,576976630583890787,2025/05/21,2025/06/13,3461385595427262577,2025/05/22
2025/05/22,7506944503660578603,3461181341605728369,-2.8,collected,576975398113677468,2025/05/21,2025/06/13,3461385595427262577,2025/05/22
2025/05/21,7506573288522204974,3461172815798112369,-2,collected,576972869998580503,2025/05/20,2025/06/12,3461366415482785905,2025/05/21
2025/05/21,7506573288522204974,3461169972111511665,-8.4,collected,576976366518636928,2025/05/20,2025/06/12,3461366415482785905,2025/05/21
2025/05/21,7506573288522204974,3461169013423902833,-2.03,collected,576975786374172944,2025/05/20,2025/06/12,3461366415482785905,2025/05/21
2025/05/20,7506159776045205294,3461157035843031153,-5.6,collected,576972425866286002,2025/05/19,2025/06/11,3461344585178714225,2025/05/20
2025/05/20,7506159776045205294,3460888553665433713,5.6,released,576955632845296636,2025/04/26,released,3461344585178714225,2025/05/20
2025/05/20,7506159776045205294,3461154478549078129,-2.52,collected,576975327788503268,2025/05/19,2025/06/11,3461344585178714225,2025/05/20
2025/05/20,7506159776045205294,3460887666373791857,11.2,released,576956092788805994,2025/04/26,released,3461344585178714225,2025/05/20
2025/05/19,7505843493831771946,3460880737481035889,5.6,released,576954423152382321,2025/04/25,released,3461325065873494129,2025/05/19
2025/05/19,7505843493831771946,3460878118210539633,10.8,released,576951502292488882,2025/04/25,released,3461325065873494129,2025/05/19
2025/05/18,7505499336412170026,3460869050110218353,8.4,released,576949888098931430,2025/04/24,released,3461287767356117105,2025/05/19
2025/05/18,7505499336412170026,3460868775182045297,16,released,576948019176181898,2025/04/24,released,3461287767356117105,2025/05/19
2025/05/18,7505499336412170026,3460867383020064881,2.8,released,576954331291816775,2025/04/24,released,3461287767356117105,2025/05/19
2025/05/18,7505499336412170026,3460867146725560433,3.8,released,576950933480313826,2025/04/24,released,3461287767356117105,2025/05/19
2025/05/17,7504850428274820910,3460857341804187761,5.6,released,576949834121974199,2025/04/23,released,3461249700657008753,2025/05/19
2025/05/17,7504850428274820910,3461123796442779761,-2,collected,576974207197351971,2025/05/16,2025/06/08,3461249700657008753,2025/05/19
2025/05/17,7504850428274820910,3461120907162783857,-3.8,collected,576972393501135058,2025/05/16,2025/06/08,3461249700657008753,2025/05/19
2025/05/17,7504850428274820910,3461120647762448497,-1.6,collected,576974501390029447,2025/05/16,2025/06/08,3461249700657008753,2025/05/19
2025/05/17,7504850428274820910,3461119098572738673,-3.8,collected,576970913350455821,2025/05/16,2025/06/08,3461249700657008753,2025/05/19
2025/05/17,7504850428274820910,3460852407690760305,8.4,released,576950071262417077,2025/04/23,released,3461249700657008753,2025/05/19
2025/05/17,7504850428274820910,3461105666564460657,-3.8,collected,576973100385472664,2025/05/15,2025/06/07,3461249700657008753,2025/05/19
2025/05/16,7504719987005835050,3461109275372654705,-2,collected,576973341224505821,2025/05/15,2025/06/07,3461204778572681329,2025/05/16
2025/05/16,7504719987005835050,3460844378310938737,3.04,released,576948690096132597,2025/04/22,released,3461204778572681329,2025/05/16
2025/05/16,7504719987005835050,3461107591831720049,-2,collected,576973128721338843,2025/05/15,2025/06/07,3461204778572681329,2025/05/16
2025/05/16,7504719987005835050,3461105987044085873,-2,collected,576971715636335352,2025/05/15,2025/06/07,3461204778572681329,2025/05/16
2025/05/15,7504148689770825515,3461094571531276401,-2,collected,576971153783886271,2025/05/14,2025/06/06,3461189223318589553,2025/05/15
2025/05/15,7504148689770825515,3461091489971212401,-2,collected,576970376769671281,2025/05/14,2025/06/06,3461189223318589553,2025/05/15
2025/05/15,7504148689770825515,3460824864736448625,2.8,released,576948900717498717,2025/04/20,released,3461189223318589553,2025/05/15
2025/05/14,7503985649255614254,3461081599260725361,-5.6,collected,576969809468166617,2025/05/13,2025/06/05,3461174997478051953,2025/05/14
2025/05/14,7503985649255614254,3461081397530497137,-3.8,collected,576969111982609179,2025/05/13,2025/06/05,3461174997478051953,2025/05/14
2025/05/12,7503271481611355946,3460802859819307121,3.04,released,576948800737874864,2025/04/18,released,3461150611836670065,2025/05/12
2025/05/12,7503271481611355946,3460801152877170801,3.04,released,576948897016287912,2025/04/18,released,3461150611836670065,2025/05/12
2025/05/12,7503271481611355946,3460799642697830513,5.6,released,576948810103427468,2025/04/18,released,3461150611836670065,2025/05/12
2025/05/11,7502616493759186731,3460788478080553073,2.8,released,576948050353492388,2025/04/17,released,3461140478129836145,2025/05/12
2025/05/11,7502616493759186731,3460787187566153841,5.6,released,576947525073670189,2025/04/17,released,3461140478129836145,2025/05/12
2025/05/11,7502616493759186731,3461051097607409777,-2.8,collected,576967385673601612,2025/05/10,2025/06/02,3461140478129836145,2025/05/12
2025/05/11,7502616493759186731,3461044074078048369,-8.4,collected,576965694225223893,2025/05/09,2025/06/02,3461140478129836145,2025/05/12
2025/05/11,7502616493759186731,3460778495964909681,6.08,released,576943765616759024,2025/04/29,released,3461140478129836145,2025/05/12
2025/05/10,7502509379309193006,3460776816941174897,2.8,released,576943392631263341,2025/04/16,released,3461126414040010865,2025/05/12
2025/05/10,7502509379309193006,3461039823046479985,-3.8,collected,576966451478958737,2025/05/09,2025/06/01,3461126414040010865,2025/05/12
2025/05/09,7502069884143175470,3461028310890483825,-8,collected,576964083760664819,2025/05/08,2025/05/31,3461112258330333297,2025/05/09
2025/05/09,7502069884143175470,3460761182649421937,2.24,released,576943531698721148,2025/04/15,released,3461112258330333297,2025/05/09
2025/05/08,7501777804150048554,3461016576913739889,-8.4,collected,576964113353248946,2025/05/07,2025/05/30,3461098726855708785,2025/05/08
2025/05/06,7501000579418736430,3460729439959093361,3.04,released,576943747245052490,2025/04/12,released,3461075697468608625,2025/05/06
2025/05/06,7501000579418736430,3460727021567119473,3.04,released,576943307812671852,2025/04/12,released,3461075697468608625,2025/05/06
2025/05/05,7500643930137069358,3460717700919169137,6.86,released,576939264493392225,2025/04/11,released,3461065509923229809,2025/05/05
2025/05/05,7500643930137069358,3460978920812351601,-2.8,collected,576964140456907629,2025/05/04,2025/05/27,3461065509923229809,2025/05/05
2025/05/04,7500246856145307438,3460970944780210289,-1.44,collected,576962583996830376,2025/05/03,2025/05/26,3461056039149080689,2025/05/05
2025/05/04,7500246856145307438,3460966967216214129,-2.8,collected,576962643949425429,2025/05/03,2025/05/26,3461056039149080689,2025/05/05
2025/05/03,7499882178306885418,3460695458093043825,5.51,released,576936188850311326,2025/04/09,released,3461044976739913841,2025/05/05
2025/05/03,7499882178306885418,3460957916100464753,-2.8,collected,576958774299234345,2025/05/02,2025/05/25,3461044976739913841,2025/05/05
2025/05/03,7499882178306885418,3460692802813726833,5.97,released,576939805997175801,2025/04/09,released,3461044976739913841,2025/05/05
2025/05/03,7499882178306885418,3460955475752358001,-8.4,collected,576955526938661869,2025/05/02,2025/05/25,3461044976739913841,2025/05/05
2025/05/02,7499507885861455662,3460683978678112369,2.24,released,576927830199276386,2025/04/08,released,3461035306669281393,2025/05/02
2025/05/02,7499507885861455662,3460943471101055089,-8.4,collected,576960660143378885,2025/05/01,2025/05/24,3461035306669281393,2025/05/02
2025/05/01,7499157582003947310,3460932805109452913,-2,collected,576956886096187420,2025/04/30,2025/05/23,3461023025225764977,2025/05/01
2025/05/01,7499157582003947310,3460667179423469681,1.4,released,576935153444950251,2025/04/07,released,3461023025225764977,2025/05/01
2025/04/30,7498678374974359338,3460922765699682417,-5.6,collected,576955462211965262,2025/04/29,2025/05/22,3461008195135508593,2025/04/30
2025/04/30,7498678374974359338,3460778495964909681,-6.08,collected,576943765616759024,2025/04/29,2025/05/10,3461008195135508593,2025/04/30
2025/04/30,7498678374974359338,3460655692460691569,1.12,released,576932885278593217,2025/04/06,released,3461008195135508593,2025/04/30
2025/04/29,7498159111814661930,3460648483107999857,1.9,released,576935555926692722,2025/04/05,released,3460998341150478449,2025/04/29
2025/04/29,7498159111814661930,3460646904603775089,1.12,released,576931698412196835,2025/04/05,released,3460998341150478449,2025/04/29
2025/04/29,7498159111814661930,3460640618004451441,1.12,released,576928948982878401,2025/04/04,released,3460998341150478449,2025/04/29
2025/04/28,7497816973424281390,3460635896246014065,1.19,released,576932963921006918,2025/04/04,released,3460985256725876849,2025/04/28
2025/04/28,7497816973424281390,3460629170328735857,2.8,released,576922121069171395,2025/04/03,released,3460985256725876849,2025/04/28
2025/04/27,7497612183854090030,3460627982412058737,1.4,released,576922205994520751,2025/04/03,released,3460973398035370097,2025/04/28
2025/04/27,7497612183854090030,3460623817733476465,2.32,released,576929608456508274,2025/04/03,released,3460973398035370097,2025/04/28
2025/04/27,7497612183854090030,3460622999434662001,3.74,released,576927922922820154,2025/04/03,released,3460973398035370097,2025/04/28
2025/04/27,7497612183854090030,3460622683724615793,3.11,released,576927754885501709,2025/04/03,released,3460973398035370097,2025/04/28
2025/04/27,7497612183854090030,3460888553665433713,-5.6,collected,576955632845296636,2025/04/26,2025/05/19,3460973398035370097,2025/04/28
2025/04/27,7497612183854090030,3460887666373791857,-11.2,collected,576956092788805994,2025/04/26,2025/05/19,3460973398035370097,2025/04/28
2025/04/26,7497299295691949867,3460880737481035889,-5.6,collected,576954423152382321,2025/04/25,2025/05/18,3460962042094522481,2025/04/29
2025/04/26,7497299295691949867,3460878118210539633,-10.8,collected,576951502292488882,2025/04/25,2025/05/18,3460962042094522481,2025/04/29
2025/04/26,7497299295691949867,3460610782771515505,2.93,released,576928215108850675,2025/04/02,released,3460962042094522481,2025/04/29
2025/04/25,7496955101937207083,3460869050110218353,-8.4,collected,576949888098931430,2025/04/24,2025/05/17,3460951410166435953,2025/04/25
2025/04/25,7496955101937207083,3460868775182045297,-16,collected,576948019176181898,2025/04/24,2025/05/17,3460951410166435953,2025/04/25
2025/04/25,7496955101937207083,3460867383020064881,-2.8,collected,576954331291816775,2025/04/24,2025/05/17,3460951410166435953,2025/04/25
2025/04/25,7496955101937207083,3460867146725560433,-3.8,collected,576950933480313826,2025/04/24,2025/05/17,3460951410166435953,2025/04/25
2025/04/24,7496452850260952878,3460857341804187761,-5.6,collected,576949834121974199,2025/04/23,2025/05/16,3460941248664342641,2025/04/24
2025/04/24,7496452850260952878,3460586550419296369,5.44,released,576926707299947097,2025/03/31,released,3460941248664342641,2025/04/24
2025/04/24,7496452850260952878,3460852407690760305,-8.4,collected,576950071262417077,2025/04/23,2025/05/16,3460941248664342641,2025/04/24
2025/04/23,7496243441505584942,3460844378310938737,-3.04,collected,576948690096132597,2025/04/22,2025/05/15,3460926845691138161,2025/04/23
2025/04/22,7495602926121633578,3460824864736448625,-2.8,collected,576948900717498717,2025/04/20,2025/05/14,3460915306135457905,2025/04/22
2025/04/21,7495533108742211371,3460554683227869297,1.4,released,576916624443478166,2025/03/28,released,3460903680896045169,2025/04/22
2025/04/19,7494501465387271982,3460802859819307121,-3.04,collected,576948800737874864,2025/04/18,2025/05/11,3460886440153288817,2025/04/21
2025/04/19,7494501465387271982,3460801152877170801,-3.04,collected,576948897016287912,2025/04/18,2025/05/11,3460886440153288817,2025/04/21
2025/04/19,7494501465387271982,3460799642697830513,-5.6,collected,576948810103427468,2025/04/18,2025/05/11,3460886440153288817,2025/04/21
2025/04/19,7494501465387271982,3460526536019775601,2.8,released,576918557033075191,2025/03/26,released,3460886440153288817,2025/04/21
2025/04/18,7494113215664768814,3460516021668778097,4.2,released,576909224627901219,2025/03/25,released,3460871990538637425,2025/04/18
2025/04/18,7494113215664768814,3460788478080553073,-2.8,collected,576948050353492388,2025/04/17,2025/05/10,3460871990538637425,2025/04/18
2025/04/18,7494113215664768814,3460787187566153841,-5.6,collected,576947525073670189,2025/04/17,2025/05/10,3460871990538637425,2025/04/18
2025/04/17,7494024781739018030,3460776816941174897,-2.8,collected,576943392631263341,2025/04/16,2025/05/09,3460862320903491697,2025/04/17
2025/04/16,7493578781018294059,3460761182649421937,-2.24,collected,576943531698721148,2025/04/15,2025/05/08,3460848087744680049,2025/04/17
2025/04/13,7492454293908490026,3460471588242296945,1.9,released,576911422869246905,2025/03/20,released,3460815234786103409,2025/04/14
2025/04/13,7492454293908490026,3460729439959093361,-3.04,collected,576943747245052490,2025/04/12,2025/05/05,3460815234786103409,2025/04/14
2025/04/13,7492454293908490026,3460727021567119473,-3.04,collected,576943307812671852,2025/04/12,2025/05/05,3460815234786103409,2025/04/14
2025/04/12,7492137253481744174,3460717700919169137,-6.86,collected,576939264493392225,2025/04/11,2025/05/04,3460804386689618033,2025/04/14
2025/04/10,7491374750481286958,3460695458093043825,-5.51,collected,576936188850311326,2025/04/09,2025/05/02,3460782801121546353,2025/04/10
2025/04/10,7491374750481286958,3460692802813726833,-5.97,collected,576939805997175801,2025/04/09,2025/05/02,3460782801121546353,2025/04/10
2025/04/09,7491075020102338346,3460683978678112369,-2.24,collected,576927830199276386,2025/04/08,2025/05/01,3460770360771645553,2025/04/09
2025/04/08,7490612299707795246,3460667179423469681,-1.4,collected,576935153444950251,2025/04/07,2025/04/30,3460755267335524465,2025/04/08
2025/04/07,7490004640101353262,3460420469067583601,2.8,released,576900068483633741,2025/03/14,released,3460744610562150513,2025/04/07
2025/04/07,7490004640101353262,3460655692460691569,-1.12,collected,576932885278593217,2025/04/06,2025/04/29,3460744610562150513,2025/04/07
2025/04/07,7490004640101353262,3460646904603775089,-1.12,collected,576931698412196835,2025/04/05,2025/04/28,3460744610562150513,2025/04/07
2025/04/06,7489622041277040430,3460412824552050801,1.9,released,576901642409185690,2025/03/13,released,3460733453154750577,2025/04/07
2025/04/06,7489622041277040430,3460648483107999857,-1.9,collected,576935555926692722,2025/04/05,2025/04/28,3460733453154750577,2025/04/07
2025/04/06,7489622041277040430,3460640618004451441,-1.12,collected,576928948982878401,2025/04/04,2025/04/28,3460733453154750577,2025/04/07
2025/04/05,7489268093403973422,3460401542989647985,1.4,released,576904673778373489,2025/03/12,released,3460722066373513329,2025/04/07
2025/04/05,7489268093403973422,3460635896246014065,-1.19,collected,576932963921006918,2025/04/04,2025/04/27,3460722066373513329,2025/04/07
2025/04/05,7489268093403973422,3460629170328735857,-2.8,collected,576922121069171395,2025/04/03,2025/04/27,3460722066373513329,2025/04/07
2025/04/04,7489111601597220654,3460627982412058737,-1.4,collected,576922205994520751,2025/04/03,2025/04/26,3460712816409677937,2025/04/04
2025/04/04,7489111601597220654,3460393488488435825,2.8,released,576901689557159982,2025/03/11,released,3460712816409677937,2025/04/04
2025/04/04,7489111601597220654,3460393088878022769,1.4,released,576889243840975021,2025/03/11,released,3460712816409677937,2025/04/04
2025/04/04,7489111601597220654,3460623817733476465,-2.32,collected,576929608456508274,2025/04/03,2025/04/26,3460712816409677937,2025/04/04
2025/04/04,7489111601597220654,3460622999434662001,-3.74,collected,576927922922820154,2025/04/03,2025/04/26,3460712816409677937,2025/04/04
2025/04/04,7489111601597220654,3460622683724615793,-3.11,collected,576927754885501709,2025/04/03,2025/04/26,3460712816409677937,2025/04/04
2025/04/03,7488755310824507182,3460610782771515505,-2.93,collected,576928215108850675,2025/04/02,2025/04/25,3460698441035452529,2025/04/03
2025/04/01,7488047111633635114,3460586550419296369,-5.44,collected,576926707299947097,2025/03/31,2025/04/23,3460675210480685169,/
